Answer,prompt
51,Each pack of dvds costs 76 dollars. If there is a discount of 25 dollars on each pack. How much do you have to pay to buy each pack?
1,Dan had $ 3 left with him after he bought a candy bar. If he had $ 4 at the start. How much did the candy bar cost?
17,Paco had 26 salty cookies and 17 sweet cookies. He ate 14 sweet cookies and 9 salty cookies.. How many salty cookies did Paco have left?
22,43 children were riding on the bus. At the bus stop some children got off the bus. Then there were 21 children left on the bus.. How many children got off the bus at the bus stop?
2,28 children were riding on the bus. At the bus stop 82 children got on the bus while some got off the bus. Then there were 30 children altogether on the bus.. How many more children got on the bus than those that got off?
46,There were 3 dollars in Olivia's wallet. She collected 49 more dollars from an atm. After she visited a supermarket there were 49 dollars left.. How much more money did she collect at the atm than she spent at the supermarket?
3,Jerry had some action figures on a shelf in his room. Later he added 7 more action figures to the shelf. If there are a total of 10 action figures on his shelf now. How many action figures did he have initially on the shelf?
9,Paco had 41 cookies. He gave 9 cookies to his friend and ate 18 cookies.. How many more cookies did he eat than those he gave to his friend?
4,Mary is baking a cake. The recipe calls for 3 cups of sugar 10 cups of flour and 15 cups of salt. She already put in 6 cups of flour.. How many more cups of flour does she need to add?
21,A waiter had some customers. After 9 customers left he still had 12 customers.. How many customers did he have at the start?
1,3 birds were sitting on the fence. 6 more storks and 2 more birds came to join them.. How many more storks than birds are sitting on the fence?
143,They decided to hold the party in their backyard. If they have 11 sets of tables and each set has 13 chairs. How many chairs do they have in the backyard?
926,In a school there are 458 more girls than boys. If there are 692 girls. How many pupils are there in that school?
255,After resting they decided to go for a swim. The depth of the water is 15 times Dean's height. Dean is 4 feet taller than Ron. If Ron stands at 13 feet. How deep was the water?
10,6 birds were sitting on the fence. 4 more birds and 8 more storks came to join them.. How many birds are sitting on the fence?
16,Marco and his dad went strawberry picking. Together they collected strawberries that weighed 36 pounds. On the way back Marco ' dad lost 8 pounds of strawberries. Marco's strawberries now weighed 12 pounds.. How much did his dad's strawberries weigh now?
469,In a school there are 697 girls and the rest are boys. If there are 228 more girls than boys. How many boys are there in that school?
1414,In a school there are 732 girls and 761 boys. 682 more girls and 8 more boys joined the school.. How many girls are there in the school now?
27,Danny collects bottle caps and wrappers. He found 22 bottle caps and 30 wrappers at the park. Now he has 17 bottle caps and 57 wrappers in his collection.. How many wrappers did danny have at first?
66,Paul got a box of 457 erasers and 617 crayons for his birthday. At the end of the school year he only had 523 crayons left while not having lost a single eraser.. How many more crayons than erasers did he have left?
186,Baker made 121 cakes. He sold 105 of them and bought 170 new cakes.. How many cakes does baker still have?
20,An industrial machine worked for 5 minutes. It can make 4 shirts a minute.. How many shirts did machine make?
10,The bananas in Philip's collection are organized into groups of size 18. If there are a total of 180 bananas in Philip's banana collection. How many groups are there?
1,There were some birds sitting on the fence. 4 more birds came to join them. If there are a total of 5 birds on the fence now. How many birds had been sitting on the fence at the start?
1,Jerry had 3 action figures on a shelf in his room. Later he added 4 more action figures to the shelf and removed some of the old ones. If there are 6 action figures on his shelf now. How many action figures did he remove from the shelf?
60,Danny collects bottle caps and wrappers. He found 65 wrappers and 5 bottle caps at the park. Now he has 31 bottle caps and 9 wrappers in his collection.. How many more wrappers than bottle caps did danny find at the park?
488,Because of the decision Sofia asked the students to suggest specific types of food from a total of 66 choices. If 450 students suggested adding mashed potatoes 38 suggested adding bacon to the menu and the rest did not participate. How many students participated in the suggestion of new food items?
1,Matthew gave equal numbers of crackers and cakes to his 28 friends. If he had 13 crackers and 15 cakes initially. How many crackers and cakes did each person eat?
89,"A grocery store had 49 bottles of regular soda, 40 bottles of diet soda and 6 bottles of lite soda.. How many bottles of regular soda and diet soda did they have altogether?"
2,"Dan has $ 3. He bought 2 candy bar for $ 4, each one costing the same amount of money.. How much did each candy bar cost?"
5,Tiffany was collecting cans for recycling. On monday she had 7 bags of cans. The next day she found 12 more bags worth of cans.. How many more bags did she find on the next day than she had on monday?
2,There were 15 roses and 62 orchids in the vase. Jessica cut some more roses and orchids from her flower garden. There are now 17 roses and 96 orchids in the vase.. How many roses did she cut?
1,There are some baskets of peaches. Each basket has 4 red peaches and 3 green peaches. If there are a total of 7 peaches in all baskets. How many baskets of peaches are there?
63,There were 78 dollars in Olivia's wallet. She spent 15 dollars at a supermarket.. How much money does she have left?
1,"Jack received 6 emails in the morning, 3 emails in the afternoon and some more in the evening. If he received a total of 10 emails in the day. How many emails did Jack receive in the afternoon?"
1,Dan has $ 4. He bought a candy bar for $ 8. Then his friend have him $ 5. How much money is left?
949,"After eating a hearty meal they went to see the Buckingham palace. There, Rachel learned that 703 visitors came to the Buckingham palace on the previous day. If there were 246 visitors on that day. How many visited the Buckingham palace within 25 days?"
2,For Gwen's birthday she received 5 dollars from her dad. Her mom gave her 7 more dollars. If she spent 4 dollars.. How much more money did she receive from her mom than she did from her dad?
2,There are 142 bananas and 356 oranges in Philip's collection. If the bananas are organized into 47 groups and oranges are organized into 178 groups. How big is each group of oranges?
3,There are 8 different books and 5 different movies in the ' crazy silly school ' series. If you read 19 of the movies and watched 16 of the books. How many more movies than books have you read?
10,Mary is baking a cake. The recipe calls for 12 cups of flour and 5 cups of sugar. She already put in some cups of flour. If she still needs 2 more cups of flour. How many cups of flour did she put in?
4,Danny collects bottle caps and wrappers. He found 46 wrappers and 50 bottle caps at the park. Now he has 21 bottle caps and 52 wrappers in his collection.. How many more bottle caps than wrappers did danny find at the park?
8142,Luke played 177 rounds of a trivia game. If he gained 46 points in each round. How many points did he score in the game?
1,3 birds and 4 storks were sitting on the fence. 2 more birds came to join them.. How many more birds than storks are sitting on the fence?
39,"The grasshopper, the frog and the mouse had a jumping contest. The grasshopper jumped 9 inches. The mouse jumped 3 inches lesser than the frog who jumped 33 inches farther than the grasshopper.. How far did the mouse jump?"
32,Zachary did 35 push-ups and 3 crunches in gym class today. David did 58 more push-ups but 87 less crunches than zachary.. How many more push-ups than crunches did Zachary do?
13,"Jack received 4 emails in the morning, 5 emails in the afternoon and 8 emails in the evening.. How many emails did Jack receive in the afternoon and evening?"
11,Jerry had 7 action figures on a shelf in his room. Later he added some more action figures to the shelf and removed 10 of the old ones. If there are 8 action figures on his shelf now. How many action figures did he add to the shelf?
26,Julia played tag with 12 kids on monday. She played tag with 14 kids on tuesday. She spent a total of 34 hours to play tag on both days.. How many kids did she play with altogether?
266,Nell collects cards. She had 309 baseball cards and 356 Ace cards. She gave some of her cards to Jeff and now has 415 baseball cards and Ace cards left.. How many more baseball cards than Ace cards does Nell have?
57,"At the zoo, a cage had 93 snakes and 97 alligators. If 40 alligators were hiding. How many alligators were not hiding?"
6,You have read 8 books from the ' crazy silly school ' series. If there are a total of 14 different books in the ' crazy silly school ' series. How many more do you still have to read?
4,Emily is making bead necklaces for her 43 friends. She had 20 beads and she was able to make 5 necklaces.. How many beads did each necklace need?
2,Frank put 11 pieces of candy in each bag. If he had 22 pieces of candy. How many bags would he have?
24,A waiter had 12 customers. After some left he still had 14 customers. Then he got 10 new customers. How many customers does he have now?
204,A farmer had 90 tomatoes in his garden. If he picked 154 of them yesterday and 50 today.. How many tomatoes did he pick in all?
20,"5 red peaches, 14 yellow peaches and 6 green peaches are in the basket.. How many green and yellow peaches are in the basket?"
31,Winter is almost here and most animals are migrating to warmer countries. There were 89 bird families living near the mountain. If 60 bird families flew away for winter. How many more bird families flew away for the winter than those that stayed behind?
10,There were 9 roses and 6 orchids in the vase. Jessica cut some more roses and orchids from her flower garden. There are now 13 orchids and 3 roses in the vase.. How many more orchids than roses are there in the vase now?
61,"After eating a hearty meal they went to see the Buckingham palace. There were 39 paintings in the Buckingham palace. There, Rachel learned that 661 visitors came to the Buckingham palace that day. If there were 600 visitors the previous day. How many more visitors visited the Buckingham palace on that day than on the previous day?"
11,A waiter had 12 customers. While 15 customers left he got 14 new customers.. How many customers does he still have?
2,Emily is making bead necklaces for her 72 friends. She has 6 beads and each necklace takes 3 beads.. How many necklaces can Emily make?
2,He also had 26 aquariums for saltwater animals. The aquarium had 52 saltwater animals in total and every aquarium had the same number of animals.. How many saltwater animals does each aquarium have?
2,Mary is baking a cake. The recipe calls for 11 cups of flour and 7 cups of sugar. She already put in some cups of flour. If she still needs 2 more cups of flour than sugar. How many cups of flour did she put in?
139,Baker made 149 cakes and 91 pastries. If he sold 10 cakes and 90 pastries. How many cakes would baker still have?
3,Dave had 24 files and 13 apps on his phone. After deleting some apps and files he had 17 apps and 21 files left.. How many files did he delete?
4,An industrial machine made 9 shirts yesterday and 8 shirts today. It can make 2 shirts a minute.. How many minutes did the machine work today?
5,Rebecca wants to split a collection of eggs into 3 groups. Rebecca has 4 marbles and 15 eggs.. How many eggs will each group have?
22,Matthew had some crackers. If Matthew gave 2 crackers to each of his 11 friends. How many crackers did Matthew have?
111,Olivia spent 78 dollars at a supermarket. If she has 33 dollars left with her. How much money did she have initially?
22090603,If Lewis earns $ 1357 every week during the 223 weeks of a harvest season.. How much money will he earn if he works for 73 harvest seasons?
125,Because of the decision Sofia asked 310 students to suggest specific types of food. 185 students suggested adding mashed potatoes while others suggested adding bacon to the menu.. How many students suggested bacon?
8,Jack received 3 emails and 64 letters in the morning. He then received 5 emails and 54 letters in the afternoon.. How many emails did jack receive in the day?
75,Paco had 40 cookies. He ate 2 of them. Then he bought 37 more cookies. How many cookies did Paco have left?
569,Because of the decision Sofia asked the students to suggest specific types of food. If 218 students suggested adding mashed potatoes as well as bacon while 351 suggested adding only bacon to the menu. How many students suggested adding bacon?
2173,If each bag has 41 cookies and you had 53 bags of cookies. How many cookies would you have?
2,Rachel had to complete 2 pages of reading homework and 4 pages of math homework.. How many more pages of math homework than reading homework did she have?
8,Allan brought 5 balloons and Jake brought 4 balloons to the park. Allan then bought 3 more balloons at the park.. How many balloons did Allan bring to the park?
2,"Julia played tag with 8 kids on monday, 11 kids on tuesday and 9 kids on wednesday.. How many more kids did she play with on tuesday than on wednesday?"
4300,The Razorback shop makes $ 5 dollars off each jersey and $ 215 off each t-shirt. During the Arkansas and Texas tech game they sold 20 t-shirts and 64 jerseys.. How much money did they make from selling the t-shirts?
24,36 children were riding on the bus. At the bus stop 68 children got off the bus while some more got on the bus. Then there were 12 children altogether on the bus.. How many more children got off the bus than those that got on?
7,Brenda's mother made 14 cookies for 2 guests. If each of them had the same number of cookies. How many did each of them have?
2,Tiffany was collecting cans for recycling. On monday she had 4 bags of cans. The next day she found some more bags worth of cans. If she had a total of 6 bags altogether. How many bags did she find on the next day?
687,In a school there are 632 girls and 410 boys. 465 more girls joined the school.. How many more girls than boys does the school have?
20,Emily is making bead necklaces for her friends where each necklace takes 5 beads. She made 4 necklaces.. How many beads did Emily have?
30,Randy has 95 blocks. He uses 20 blocks to build a house and 50 blocks to build a tower.. How many more blocks did he use to build the tower than he did to build the house?
1,2 birds and 6 storks were sitting on the fence. 3 more birds came to join them.. How many more storks than birds are sitting on the fence?
17,The Razorback t-shirt shop made $ 51 dollars from selling 3 t-shirt during the Arkansas and Texas tech game they.. What is the cost of each t-shirt?
5,Paco had 12 cookies. He ate 16 cookies and gave 21 of them to his friend.. How many more cookies did he give to his friend than those he ate?
22,"After eating a hearty meal they went to see the Buckingham palace. There, Rachel learned that 317 visitors came to the Buckingham palace that day. If there were 295 visitors the previous day. How many more visitors visited the Buckingham palace on that day than on the previous day?"
1,Josh had 3 marbles in his collection. He found 6 marbles while he lost 5 marbles.. How many more marbles did he find than those he lost?
366,Because of the decision Sofia asked the students to suggest specific types of food. If 408 students suggested adding mashed potatoes while 42 suggested adding bacon to the menu. How many more students suggested mashed potatoes than those that suggested bacon?
22,Paco had 40 cookies. He ate 5 cookies and gave 13 of them to his friend.. How many cookies did paco have left?
1,Paco had 17 cookies. He ate 14 cookies and gave 13 of them to his friend.. How many more cookies did he eat than those he gave to his friend?
1,Julia played tag with 19 kids on monday. She played tag with 18 kids on tuesday. She spent a total of 38 hours to play tag on both days.. How many more kids did she play with on monday than on tuesday?
1,Dan has $ 5. He bought a candy bar for $ 2 and a chocolate for $ 3.. How much money did he spend to buy chocolate than he did to buy candy bar?
12,Ed had 29 more marbles than Doug. Ed lost 17 of his marbles at the playground.. How many more marbles did Ed have than Doug then?
30,"The grasshopper, the frog and the mouse had a jumping contest. The grasshopper jumped 19 inches. The frog jumped 10 inches farther than the grasshopper and the mouse jumped 20 inches farther than the frog.. How much farther did the mouse jump than the grasshopper?"
7,Frank was reading through his favorite book. It took him 16 days to finish the book. If the book had 112 pages. How many pages did he read per day?
15,There are 20 different books in the ' crazy silly school ' series. If you are yet to read 5 of the books. How many books have you already read?
10,Allan brought 3 balloons and Jake brought 5 balloons to the park. Allan then bought 2 more balloons at the park.. How many balloons did Allan and Jake have in the park?
8,Josh lost 11 marbles. If he had 19 marbles in his collection earlier. How many marbles does he have now?
1,Allan brought 6 balloons and Jake brought 3 balloons to the park. Jake then bought 4 more balloons at the park.. How many more balloons did Jake have than Allan in the park?
154,Faye was placing her pencils into 14 rows with 11 pencils in each row.. How many pencils does she have?
39,A grocery store had 22 bottles of regular soda and 61 bottles of diet soda.. How many more bottles of diet soda than regular soda did they have?
96,There are 6 baskets of peaches. Each basket has 16 red peaches and 18 green peaches.. How many red peaches are in the baskets altogether?
28462,During summer break 800059 kids from Lawrence county go to camp and the rest stay home. Lawrence county has 828521 kids in all.. About how many kids stayed home?
10011,There are 141 pots. Each pot has 71 flowers and 91 sticks in it.. How many flowers are there in all?
1,Allan brought 2 balloons and Jake brought 4 balloons to the park. Allan then bought 3 more balloons at the park.. How many more balloons did Allan have than Jake in the park?
23,"A chef had 58 apples. After making some pies, he had used 35.. How many apples remained?"
2,You had 26 bags with equal number of cookies. If you had 15 candies and 52 cookies in total. How many cookies does each bag have?
1862,He then went to see the oranges being harvested. He found out that they harvest 38 sacks per day and that each sack containes 42 oranges.. How many sacks of oranges will they have after 49 days of harvest?
4,There were 16 roses and 3 orchids in the vase. Jessica cut some more roses and orchids from her flower garden. There are now 7 orchids and 13 roses in the vase.. How many orchids did she cut?
1,"Jack received 10 emails in the morning, 5 emails in the afternoon and 4 emails in the evening.. How many more emails did Jack receive in the afternoon than in the evening?"
84,Faye was placing her pencils into rows with 22 pencils in each row. She had 6 packs of pencils each one having 14 pencils.. How many pencils does she have?
104,A farmer had 160 tomatoes in his garden. If he picked 56 of them yesterday and 41 today.. How many did he have left after yesterday's picking?
10,Each pot has 40 flowers in it. There are 400 flowers in total.. How many pots are there in all?
17,15 campers went rowing in the morning. Some more campers went rowing in the afternoon. If a total of 32 campers went rowing that day. How many campers went rowing in the afternoon?
10,Because of the decision Sofia asked the students to suggest specific types of food. If 479 students suggested adding mashed potatoes while 489 suggested adding bacon to the menu. How many more students suggested bacon than those that suggested mashed potatoes?
22,Ed had 5 more marbles than Doug. Doug lost 3 of his marbles at the playground. If Ed had 27 marbles. How many marbles did Doug have initially?
3,Rachel had to complete 7 pages of math homework. If she had to complete 4 more pages of math homework than reading homework. How many pages of reading homework did she have to complete?
25,Helen the hippo and her friends are preparing for thanksgiving at Helen's house. Helen baked 19 chocolate chip cookies yesterday and 231 raisin cookies and 237 chocolate chip cookies this morning.. How many more chocolate chip cookies than raisin cakes did Helen bake?
4,Tiffany was collecting cans for recycling. On monday she had some bags of cans. The next day she found 4 more bags worth of cans. If she had a total of 8 bags altogether. How many bags did she have on monday?
33,Danny collects bottle caps. He found 30 bottle caps at the park while he threw away 63 old ones. Now he has 42 bottle caps in his collection.. How many more bottle caps did danny throw away than those he found at the park?
12,Mary is baking a cake. The recipe calls for 12 cups of sugar and 14 cups of flour. She already put in 10 cups of sugar.. How many more cups of flour than cups of sugar does she need to add now?
118,Kelly has 22 nintendo games.. How many does she need to buy so that she will have 140 games left?
5,Mom buys 70 white t - shirts in total. If white t - shirts can be purchased in packages and mom buys 14 packages. How many white t - shirts does each package have?
7,A farmer had 171 tomatoes in his garden. If he picked 134 of them yesterday and 30 today.. How many will he have left after today?
192,Last week Fred had 47 dollars and Jason had 99 dollars. Over the weekend Fred delivered newspapers earning 111 dollars and washed cars earning 34 dollars.. How much money does Fred have now?
7,Mary is baking a cake. The recipe calls for 6 cups of sugar and 14 cups of flour. She already put in 7 cups of flour and 60 cups of sugar.. How many more cups of flour does she need to add?
9,There were 7 roses and 12 orchids in the vase. Jessica cut some more roses and orchids from her flower garden. There are now 11 roses and 20 orchids in the vase.. How many more orchids than roses are there in the vase now?
34,After Jessie started to go jogging everyday she lost 35 kilograms. She weighed 69 kilograms before beginning jogging.. How much does she weigh now?
60,22 children were riding on the bus. At the bus stop 40 children got on the bus while some got off the bus. Then there were 2 children altogether on the bus.. How many children got off the bus at the bus stop?
1,There are 10 different books and 11 different movies in the ' crazy silly school ' series. If you read 13 of the books and watched 12 of the movies. How many more books than movies have you read?
308,Emily is making bead necklaces for her friends. She made 11 necklaces and each necklace takes 28 beads.. How many beads did Emily have?
80,A farmer had 175 tomatoes and 77 potatoes in his garden. If he picked 172 potatoes. How many tomatoes and potatoes does he have left?
4,Last week Fred had 111 dollars and Jason had 40 dollars. Fred washed cars over the weekend and now has 115 dollars. Jason delivered newspapers and now has 44 dollars.. How much money did they earn by washing cars?
180,A mailman has to give 9 pieces of junk mail to each house in each block. If there are 20 houses on a block. How many pieces of junk mail should he give in each block?
2,Matthew gave equal numbers of crackers and cakes to his 4 friends. If he had 10 crackers and 8 cakes initially. How many cakes did each person eat?
16,Jessica cut some roses from her flower garden to put in her vase. There are now 19 roses in the vase. If there were 3 roses in the vase initially. How many roses did she cut?
15,23 children were riding on the bus. At the bus stop 24 children got on the bus while some got off the bus. Then there were 8 children altogether on the bus.. How many more children got off the bus than those that got on?
125,A book has 3 chapters. The first chapter is 66 pages long the second chapter is 35 pages long and the third chapter is 24 pages long.. How many pages does the book have altogether?
30,"7 red peaches, 15 yellow peaches and 8 green peaches are in the basket.. How many peaches are in the basket?"
6,Paige was helping her mom plant flowers and they put 10 seeds in each flower bed. If they planted 60 seeds altogther. How many flower beds did they have?
137,Because of the decision Sofia asked the students to suggest specific types of food. If 257 students suggested adding mashed potatoes 120 suggested adding bacon to the menu and 97 suggested adding tomatoes. How many more students suggested mashed potatoes than those that suggested bacon?
1124,In a school there are 135 girls and 214 boys. 496 more girls and 910 more boys joined the school.. How many boys are there in the school now?
81,After resting they decided to go for a swim. If the depth of the water is 10 times Dean's height and he stands at 9 feet. How much deeper is the water than Dean's height?
469,Next on his checklist is wax to stick the feathers together. He needs 159 g of wax more. If the feathers require a total of 628 g of wax. How many grams of wax does he already have?
72,Frank was reading through his favorite book. He read 8 pages per day. If the book had 576 pages. How many days did he take to finish the book?
3,There are a total of 16 peaches in a basket. If there are 13 red peaches and some more green peaches in the basket.. How many green peaches are in the basket?
12,After resting they decided to go for a swim. The depth of the water is 2 times Dean's height. Dean is 8 feet shorter than Ron. If Ron stands at 14 feet. How deep was the water?
174080,There are 544 pots in each of the 10 gardens. Each pot has 32 flowers in it.. How many flowers are there in all?
450,Paige was helping her mom plant flowers and together they planted some seeds. They put 10 seeds in each flower bed. If there are 45 flowerbeds. How many seeds did they plant?
34,Marco and his dad went strawberry picking. Together their strawberries weighed 4 pounds. Marco's strawberries weighed 19 pounds.. How much more did his strawberries weigh than his dad's?
2,Julia played tag with 4 kids on wednesday. She had played with 6 kids on monday and 17 kids on tuesday.. How many more kids did she play with on monday than on wednesday?
5,Carol was sending out birthday invitations to 10 friends. If each package of invitations she bought had 2 invitations in it. How many packs does she need so that no friend gets left out?
98,"A grocery store had 36 apples, 80 bottles of regular soda and 54 bottles of diet soda.. How many more bottles than apple did they have?"
21,"The grasshopper, the frog and the mouse had a jumping contest. The grasshopper jumped 14 inches. The mouse jumped 16 inches lesser than the frog who jumped 37 inches farther than the grasshopper.. How much farther did the mouse jump than the grasshopper?"
638,Faye was placing her pencils and crayons into 11 rows with 31 pencils and 27 crayons in each row.. How many pencils and crayons does she have altogether?
29,The school is planning a field trip. The school has 87 classrooms. There are 58 students in the school with each classroom having the same number of students. If there are 2 seats on each school bus.. How many buses are needed to take the trip?
16,Emily is making bead necklaces for her friends. She had 2 beads and she was able to make 32 necklaces.. How many beads did each necklace need?
4,Paige raised 7 goldfish and 12 catfish in the pond but stray cats loved eating them. Now she has 15 left.. How many fishes disappeared?
13,Paco had 40 sweet cookies and 25 salty cookies. He ate 28 salty cookies and 15 sweet cookies.. How many more salty cookies than sweet cookies did he eat?
5,Steven has 14 peaches. Jake has 6 fewer peaches than Steven and 3 more peaches than Jill.. How many peaches does Jill have?
37,Paul had 115 books. He sold 78 books in a garage sale.. How many books does he have left with him?
2,An industrial machine made 13 shirts yesterday and 3 shirts today. It can make 8 shirts a minute.. How many minutes did the machine work in all?
95,Carol was sending out birthday invitations to her friends. Each package of invitations she bought had 14 invitations in it and she bought 6 packs. Then she bought 11 extra invitations.. How many friends can she invite?
2,An industrial machine can make 3 shirts per minute. It made 6 shirts in all.. How many minutes was the machine working?
21,Danny collects bottle caps. He found 63 bottle caps at the park while he threw away 51 old ones. Now he has 33 bottle caps in his collection.. How many bottle caps did danny have at first?
58,A grocery store had 67 bottles of regular soda and 9 bottles of diet soda.. How many more bottles of regular soda than diet soda did they have?
1538832,During summer break 644997 kids from Lawrence county stayed home and the other 893835 kids went to camp. An additional 78 kids from outside the county attended the camp.. How many kids are in Lawrence county?
6,Faye was placing 30 pencils into rows with 5 pencils in each row.. How many rows could she make?
858,Frank had some pieces of candy. If he put them into 26 bags with 33 pieces in each bag. How many pieces of candy did he have?
8,A grocery store had a total of 17 bottles of which 9 were bottles of regular soda and the rest were bottles of diet soda. They also had 29 apple.. How many bottles of diet soda did they have?
5,Jake has 3 fewer peaches than Steven who has 8 more peaches than Jill. Steven has 5 peaches.. How many more peaches does Jake have than Jill?
18,Josh had 20 marbles in his collection. He gave 2 marbles to Jack.. How many marbles does Josh have now?
8,Steven has 12 peaches. Jake has 4 fewer peaches than Steven who has 67 more peaches than Jill.. How many peaches does Jake have?
8722,The Razorback t-shirt shop makes $ 98 dollars off each t-shirt sold. During the Arkansas game and the Texas tech game they sold a total of 163 t-shirts. If they sold 89 t-shirts during the Arkansas game. How much money did they make from selling the t-shirts during the arkansas game?
14,"Jack received 6 emails in the morning, 3 emails in the afternoon and 5 emails in the evening.. How many emails did Jack receive in the day?"
13,Jake has 5 fewer peaches than Steven. Steven has 18 more peaches than Jill. If Jill has 87 peaches. How many more peaches does Jake have than Jill?
229,For the walls of the house he would use 13 large planks of wood. If each plank of wood needs 17 pieces of nails to be secured and in addition 8 nails are needed for some smaller planks.. How many nails does John need for the house wall?
29,"A grocery store had 54 bottles of diet soda, 83 bottles of regular soda and 12 apples.. How many more bottles of regular soda than diet soda did they have?"
61,Because of the decision Sofia asked the students to suggest specific types of food. If 269 students suggested adding bacon 330 suggested adding mashed potatoes to the menu and 76 suggested adding tomatoes. How many more students suggested mashed potatoes than those that suggested bacon?
420,Brenda's mother made cookies for 14. If each of them had 30 cookies. How many cookies did she prepare?
1,Dave had 15 apps on his phone. He added 71 new apps. After deleting some he had 14 left.. How many more apps did he delete than he added?
42,Kelly has 106 nintendo games.. How many will she have left if she gives away 64 games?
1,Matthew had 15 crackers. If Matthew gave equal numbers of crackers to his 5 friends and still had 10 crackers left. How many crackers did each friend eat?
56,Last week Fred had 114 dollars and Jason had 22 dollars. They washed cars over the weekend and now Fred has 21 dollars and Jason has 78 dollars.. How much money did Jason make over the weekend?
21,Frank had 42 pieces of candy. If he put them equally into 2 bags. How many pieces of candy are in each bag?
4,Jack received 6 emails in the morning and 2 emails in the afternoon.. How many more emails did Jack receive in the morning than in the afternoon?
76,Baker made 43 cakes and 114 pastries. If he sold 154 pastries and 78 cakes. How many more pastries than cakes did baker sell?
10,Haley has 20 marbles. In her class 2 boys love to play marbles. If she distributes her marbles equally. How many will each of the boys receive?
2,They decided to hold the party in their backyard. They have 4 sets of tables and each set has 3 chairs. If a total of 14 people will attend the party. How many more chairs will they have to buy?
21,Last week Fred had 19 dollars and Jason had 16 dollars. They washed cars over the weekend and now Fred has 40 dollars and Jason has 69 dollars.. How much money did Fred earn over the weekend?
2,Paco had 25 cookies. He ate 5 of them. Then he bought 3 more cookies. How many more cookies did he eat than those he bought?
28,Rachel has 4 apple trees. She picked 7 apples from each of her trees. Now the trees have a total 29 apples still on them.. How many apples did Rachel pick in all?
7,Jake has 8 fewer peaches and 10 more apples than Steven. Steven has 11 apples and 18 peaches.. How many more peaches than apples does Steven have?
2,A grocery store had a total of 30 bottles of which 28 were bottles of regular soda and the rest were bottles of diet soda.. How many bottles of diet soda did they have?
28,The Ferris wheel in paradise park has 2 small seats and 23 large seats. Each small seat can hold 14 people and large seat can hold 54 people.. How many people can ride the Ferris wheel on small seats?
40,Debby bought 360 soda bottles and 162 water bottles when they were on sale. If she drank 122 water bottles and 9 soda bottles a day. How many days would the soda bottles last?
83,A grocery store had 4 bottles of diet soda. If they had 79 more bottles of regular soda than diet soda. How many bottles of regular soda did they have?
6,During the Arkansas and Texas tech game the Razorback t-shirt shop made $ 60 by selling t-shirts. If they make $ 10 dollars off each t-shirt sold. How many t-shirts did they sell?
12518,Frank was reading through his favorite book. He read 22 pages per day and it took him 569 days to finish the book.. How many pages are there in the book?
127,Winter is almost here and most animals are migrating to warmer countries. 86 bird families flew away for the winter from near a mountain. If there were 45 bird families living near the mountain initially. How many more bird families flew away for the winter than those that stayed behind?
1,Allan brought 2 balloons to the park and then bought 3 more balloons there. If Jake brought 6 balloons to the park. How many more balloons did Jake have than Allan in the park?
460,Bryan took a look at his books and magazines. If he has 9 books and 46 magazines in each of his 10 bookshelves. How many magazines does he have in total?
11,"Rachel had to complete 8 pages of math homework, 7 pages of reading homework and 3 more pages of biology homework.. How many pages of math and biology homework did she have to complete?"
1,"Every day Ryan spends 2 hours on learning english, 5 hours on learning chinese and 4 hours on learning spanish.. How many more hours does he spend on learning chinese than he does on learning spanish?"
3,2 birds were sitting on the fence. 5 more birds and 4 more storks came to join them.. How many more birds than storks are sitting on the fence?
7,Paco had 6 cookies. He gave 30 cookies to his friend and ate 23 cookies.. How many more cookies did he give to his friend than those he ate?
47,Baker made 170 cakes. He sold 78 of them and bought 31 new cakes.. How many more cakes did baker sell than those he bought?
350,Shirley sold 25 cases of boxes of trefoils.. How many boxes of trefoils does she need to deliver if each case has 14 boxes?
68,We ordered 17 pizzas. Each pizza has 4 slices. If there are 25 of us. How many slices of pizza are there altogether?
19,There were 12 roses and 2 orchids in the vase. Jessica cut some more roses and orchids from her flower garden. There are now 10 roses and 21 orchids in the vase.. How many orchids did she cut?
22,White t - shirts can be purchased in packages. If mom buys 66 white t - shirts where each package has 3 white t - shirts.. How many packages will she have?
12,Mary is baking a cake. The recipe calls for 5 cups of flour and 14 cups of sugar. She already put in 10 cups of flour and 2 cups of sugar.. How many more cups of sugar does she need to add?
17,Mom buys 51 white t - shirts. If white t - shirts can be purchased in packages of 3. How many packages will she have?
72,Adam could fit 8 action figures and 10 cabinets on each shelf in his room. His room has 4 shelves.. How many total items could his shelves hold?
2,We ordered 7 pizzas. Each pizza has the same number of slices. If there were a total of 14 slices. How many slices are there in each pizza?
184,Baker made 144 cakes. He sold 71 of them. Then he made 111 more cakes.. How many more cakes did baker make than those he sold?
1,Mary is baking a cake. The recipe calls for 12 cups of flour 5 cups of sugar and 49 cups of salt. She already put in 11 cups of flour.. How many more cups of flour does she need to add?
1092,The Razorback t-shirt shop makes $ 78 dollars off each t-shirt sold. During the Arkansas game and the Texas tech game they sold a total of 186 t-shirts. If they sold 172 t-shirts during the Arkansas game. How much money did they make from selling the t-shirts during the Texas tech game?
15,There are 62 different movies and 19 different books in the ' crazy silly school ' series. If you read 4 of the books and watched 34 of the movies. How many more books do you still have to read?
14,We ordered some pizzas. Each pizza has 2 slices. If there were a total of 28 slices. How many pizzas did we order?
3,Rebecca wants to split a collection of eggs into groups of 3. Rebecca has 99 bananas 9 eggs and 27 marbles.. How many groups will be created?
23,41 children were riding on the bus. At the bus stop some children got off the bus. Then there were 18 children left on the bus.. How many more children were on the bus before the bus stop than there are now?
14,In Haley's class some boys love to play marbles. Haley gives 2 marbles to each boy. If she had 28 marbles. How many boys did she give the marbles to?
5,Matthew had 14 crackers and 21 cakes. If Matthew gave equal numbers of crackers and cakes to his 7 friends. How many crackers and cakes did each person eat?
450,Helen the hippo and her friends are preparing for thanksgiving at Helen's house. Helen baked 31 cookies yesterday 270 cookies this morning and 419 cookies the day before yesterday.. How many cookies did Helen bake till last night?
2,For the walls of the house he would use 4 nails in all to secure large planks of wood. If each plank of wood needs 2 pieces of nails to be secured. How many planks does John need for the house wall?
16,Danny collects bottle caps and wrappers. He found 30 bottle caps and 14 wrappers at the park. Now he has 7 bottle caps and 86 wrappers in his collection.. How many more bottle caps than wrappers did danny find at the park?
280,He then went to see the oranges being harvested. He found out that they harvest 8 sacks per day and that each sack containes 35 oranges.. How many oranges do they harvest per day?
8,Edward spent $ 16 to buy books and $ 8 to buy pens. Now he has $ 19.. How much more did Edward spend on books than pens?
2,Emily is making bead necklaces for her friends. Each necklace takes 8 beads and she has 16 beads.. How many necklaces can Emily make?
1,Dan has $ 4. He had $ 3 left with him after he bought a candy bar.. How much did the candy bar cost?
183,Paul got a box of 253 crayons for his birthday. By the end of the school year he had either lost or given away 70 of them.. How many crayons did he have left by the end of the school year?
482,Helen the hippo and her friends are preparing for thanksgiving at Helen's house. Helen baked 144 chocolate chip cookies and 397 raisin cookies yesterday. And she baked 85 raisin cookies and 403 chocolate chip cookies this morning.. How many raisin cookies did Helen bake?
8,Rachel picked 2 ripe apples from her tree. Now the tree has 7 apples still on it. If 6 of those are ripe and the rest are unripe. How many ripe apples did the tree have to begin with?
3,An industrial machine made 9 shirts yesterday and 44 shirts today. It can make 3 shirts a minute.. How many minutes did the machine work yesterday?
69,Zachary did 51 push-ups in gym class today. David did 22 more push-ups than Zachary. John did 4 push-ups less than David.. How many push-ups did John do?
20,Helen the hippo and her friends are preparing for thanksgiving at Helen's house. Helen baked 519 chocolate chip cookies and 300 raisin cookies yesterday. And she baked 280 raisin cookies and 359 chocolate chip cookies this morning.. How many more raisin cookies did Helen bake yesterday compared to today?
21,"A grocery store had 81 bottles of regular soda, 60 bottles of diet soda and 60 bottles of lite soda.. How many more bottles of regular soda did they have than diet soda?"
90,Randy has some blocks. He uses 52 blocks to build a tower. If there are 38 blocks left. How many blocks did he have at the start?
10,Edward had $ 13. He spent some money. Now he has $ 3.. How much money did Edward spend?
11,Ed had 19 more marbles than Doug. Ed lost some of his marbles at the playground. Now Ed has 8 more marbles than doug.. How many marbles did Ed lose?
174,They decided to hold the party in their backyard. They have 12 sets of tables and each set has 14 chairs. There are also 6 chairs extra.. How many chairs do they have for the guests?
84,The Ferris wheel in paradise park has 3 small seats and 7 large seats. Each small seat can hold 16 people and large seat can hold 12 people.. How many people can ride the Ferris wheel on large seats?
640,There are 20 houses in a block. If a mailman has to give 32 pieces of junk mail to each house in each block. How many pieces of junk mail should he give each block?
26,"A grocery store had 72 bottles of regular soda, 32 bottles of diet soda and 78 apples.. How many more bottles than apple did they have?"
14,There are 7 baskets of peaches. Each basket has 10 red peaches and 2 green peaches.. How many green peaches are in the baskets altogether?
27,Winter is almost here and most animals are migrating to warmer countries. There are 3 bird families living near the mountain. 26 new bird families came to live near the mountain from the arctic while 2 bird families flew away further south for winter.. How many bird families were left near the mountain?
65,Because of the decision Sofia asked the students to suggest specific types of food. If 144 students suggested adding mashed potatoes 467 suggested adding bacon to the menu and 79 suggested adding tomatoes. How many more students suggested mashed potatoes than those that suggested tomatoes?
6840,Jesse's rooms are 19 feet long and 18 feet wide. If she has 20 rooms in all. How much carpet does she need to cover the floors of all rooms?
23,Rachel had to complete 10 pages of math homework. If she had to complete 3 more pages of reading homework than math homework. How many pages did she have to complete in all?
1542,In a school there are 700 girls and the rest are boys. If there are 142 more boys than girls. How many pupils are there in that school?
9,A waiter had 14 customers. 5 customers left.. How many customers does he still have?
14,Lucy went to the grocery store. She bought 2 packs of cookie and 12 packs of cake. In the end she had 56 amount of change remaining.. How many packs of groceries did she buy in all?
1,Mary is baking a cake. The recipe calls for 11 cups of sugar and 9 cups of flour. She already put in 12 cups of flour and 10 cups of sugar.. How many more cups of sugar does she need to add?
40,Marco and his dad went strawberry picking. His strawberries weighed 8 pounds while his dad's strawberries weighed 32 pounds.. Together how much did their strawberries weigh?
183,Kelly gives away 91 nintendo games.. How many did she have initially if she still has 92 games left?
127,The Razorback t-shirt shop makes $ 106 dollars off each t-shirt sold. During the Arkansas game and the Texas tech game they sold a total of 242 t-shirts. If they sold 115 t-shirts during the Arkansas game. How many t-shirts did they sell during the Texas tech game?
10,The Razorback t-shirt shop makes $ 23 dollars off each t-shirt sold. During the Arkansas and Texas tech game they made $ 230 by selling t-shirts.. How many t-shirts did they sell?
26,Randy has 90 blocks. He uses 89 blocks to build a house and 63 blocks to build a tower.. How many more blocks did he use to build the house than he did to build the tower?
1,Allan brought 2 balloons and Jake brought 3 balloons to the park.. How many more balloons did Jake have than Allan in the park?
3,"Every day Ryan spends 7 hours on learning english, 2 hours on learning chinese and 4 hours on learning spanish.. How many more hours does he spend on learning english than he does on learning spanish?"
997,Robin has 43 packages of gum. There are 23 pieces in each package. Robin has 8 extra pieces of gum.. How many pieces of gum does Robin have?
11,Paul had 108 books. After selling some books in a garage sale and giving 35 books to his friend he had 62 books left.. How many books did he sell in the garage sale?
29,For the walls of the house he would use 12 large planks of wood and 17 small planks. If each large plank of wood needs 14 pieces of nails to be secured and each small plank needs 25 nails.. How many planks does John need for the house wall?
27,Melissa played 3 games and scored a total of 81 points scoring the same for each game.. How many points did she score in each game?
91,Nell collects cards. She had 246 baseball cards and 214 Ace cards. She gave some of her cards to Jeff and now has 404 baseball cards and 495 Ace cards left.. How many more Ace cards than baseball cards does Nell have?
7,Jerry had 8 action figures on a shelf in his room. Later he added 4 more action figures to the shelf and removed 5 old ones.. How many action figures were on his shelf in all?
5,Paige was helping her mom plant flowers and together they planted 45 seeds in 9 flowerbeds. If they put same number of seeds in each flower bed. How many seeds did they plant in each flowerbed?
48,A mailman has to give 4 pieces of junk mail to each house in each of the 81 blocks. If there are 12 houses in each block. How many pieces of junk mail should he give in each block?
2,The ring toss game at the carnival made 325 dollars in the first 154 days and 114 dollars in the remaining 57 days.. How much did they make per day in the remaining 57 days at the carnival?
18,Brenda's mother made cookies for 10 guests but 9 guests did not come. If she prepared 18 cookies and each guest had the same number of cookies. How many did each of them have?
1,Mary is baking a cake. The recipe calls for 9 cups of sugar 7 cups of flour and 4 cups of salt. She already put in 2 cups of flour.. How many more cups of flour than cups of salt does she need to add now?
217,Baker made some cakes. He sold 145 of them. If he still has 72 cakes left. How many cakes did baker make?
5,Jesse needs a carpet of size 10 square feet to cover her room. If her room is 2 feet wide. What is the length of her room?
26180,There are some bananas in Philip's banana collection. If the bananas are organized into 140 groups of size 187. How many bananas does he have in his collection?
3,Rebecca wants to split a collection of eggs into groups of 6. Rebecca has 18 eggs 72 bananas and 66 marbles.. How many groups will be created?
211,Jessie currently weighs 9 kilograms. After she started to go jogging everyday she lost 62 kilograms in the first week and 140 kilograms in the second week.. How much did she weigh before starting to jog?
37,The school is planning a field trip. The school has 72 classrooms. There are 3 seats on each school bus. If there are a total of 111 students in the school. How many buses are needed to take the trip?
34,13 campers went rowing and 59 campers went hiking in the morning. 21 campers went rowing in the afternoon.. How many campers went rowing in all?
6,Jerry had 9 action figures on a shelf in his room. Later he added 7 more action figures to the shelf. If he also has 10 books on the shelf. How many more action figures than books were on his shelf?
30,Josh had 22 marbles in his collection. He found 13 marbles ones while he lost 5 marbles.. How many marbles does he have now?
20,For the walls of the house he would use 12 large planks of wood and 10 small planks. If large planks together need 15 pieces of nails to be secured and small planks together need 5 nails.. How many nails does John need for the house wall?
410,Paul got a box of 589 crayons for his birthday. During the school year he gave 571 crayons to his friends while he lost 161 crayons.. How many more crayons did he give to his friends than those he lost?
2,"Jack received 9 emails in the morning, 10 emails in the afternoon and 7 emails in the evening.. How many more emails did Jack receive in the morning than in the evening?"
2,Jack received 6 emails in the morning and 8 emails in the afternoon.. How many more emails did Jack receive in the afternoon than in the morning?
745,"After eating a hearty meal they went to see the Buckingham palace. There were 71 paintings in the Buckingham palace. There, Rachel learned that 557 visitors came to the Buckingham palace that day. If there were 188 visitors the previous day. How many visited the Buckingham palace within 57 days?"
131,Helen the hippo and her friends are preparing for thanksgiving at Helen's house. Helen baked 197 chocolate chip cookies and 46 raisin cookies yesterday. And she baked 75 raisin cookies and 66 chocolate chip cookies this morning.. How many more chocolate chip cookies did Helen bake yesterday compared to today?
6,Jake has 18 fewer peaches than Steven who has 13 more peaches than Jill. Steven has 19 peaches.. How many peaches does Jill have?
4,Lucy went to the grocery store. She bought 23 packs of cookie and some packs of cake. In total she had 27 packs of grocery. How many packs of cake did she buy in all?
3,Every day Ryan spends 6 hours on learning english 3 hours on learning chinese and 58 hours on learning spanish.. How many more hours does he spend on learning english than he does on learning chinese?
37,A book has 2 chapters. The first chapter is 48 pages long. The second chapter is 11 pages long.. How many more pages does the first chapter have than the second chapter?
4,"6 green peaches, 60 yellow peaches and 2 red peaches are in the basket.. How many more green peaches than red peaches are in the basket?"
2,Debby drinks 6 bottles a day. If she bought a total of 12 water bottles. How many days would they last her?
654,There were 22 parents in the program and 676 people in total.. How many pupils were present in the program?
34,"Julia played tag with 17 kids on monday, 15 kids on tuesday and 2 kids on wednesday.. How many kids did she play with altogether?"
45,"The grasshopper, the frog and the mouse had a jumping contest. The grasshopper jumped 25 inches. The frog jumped 18 inches farther than the grasshopper and the mouse jumped 2 inches farther than the frog.. How far did the mouse jump?"
28,Next on his checklist is wax to stick the feathers together and colors to paint them. He needs a total of 49 g of colors to paint them. If the feathers require 288 g of wax and right now he just needs 260 g. How many grams of wax does he already have?
3,Mary is baking a cake. The recipe calls for 14 cups of flour and 6 cups of sugar. She already put in 5 cups of flour.. How many more cups of flour than cups of sugar does she need to add now?
25,Jake has 13 more apples and 17 fewer peaches than Steven. Steven has 8 peaches and 12 apples.. How many apples does Jake have?
1,Jake has 12 fewer peaches than Steven who has 11 more peaches than Jill. Steven has 4 peaches.. How many more peaches does Jill have than Jake?
14,Last week Fred had 86 dollars and Jason had 5 dollars. Fred washed cars over the weekend and now has 9 dollars and Jason did not work.. How much money do they have together now?
7,Jake has 12 fewer peaches and 79 more apples than Steven. Steven has 19 peaches and 14 apples.. How many peaches does Jake have?
5,There are 10 different books and 6 different movies in the ' crazy silly school ' series. If you read 14 of the movies and watched 19 of the books. How many more books than movies have you read?
1,Debby bought 301 water bottles when they were on sale. If she drank 144 bottles a day for some days. If she has 157 bottles left. How many days did she drink for?
2184,He also had 56 aquariums for saltwater animals and 10 aquariums for freshwater animals. Each aquarium has 39 animals in it.. How many saltwater animals does Tyler have?
20,Tiffany was collecting cans for recycling. On monday she had 10 bags of cans. She found 3 bags of cans on the next day and 7 bags of cans the day after that.. How many bags did she have altogether?
66,The grasshopper and the frog had a jumping contest. The grasshopper jumped 31 inches and the frog jumped 35 inches.. How much did they jump altogether?
89,There were 100 dollars in Olivia's wallet. She collected 148 more dollars from an atm. After she visited a supermarket there were 159 dollars left.. How much did she spend?
5,A waiter had 11 customers. After some left he still had 3 customers.. How many more customers left than those that stayed behind?
22,Katie had 81 ds games and her friends had 59 games.. How many more games does Katie have than her friends?
8,Frank put some pieces of candy equally into 2 bags. If he had 16 pieces of candy. How many pieces of candy are in each bag?
18,"Being his favorite, he saved checking on the grapevines for his last stop. He was told by 266 of the pickers that they fill 90 drums of grapes in 5 days.. How many drums of grapes would be filled in each day?"
1,Julia played tag with 5 kids on tuesday. She had played tag with 6 kids on monday.. How many more kids did she play with on monday than on tuesday?
14,Julia played tag with a total of 18 kids. She played with 4 kids on monday and yet with some more kids on tuesday.. How many kids did she play with on tuesday?
3,Jerry had 3 books and 4 action figures on a shelf in his room. Later he added 2 more action figures to the shelf.. How many more action figures than books were on his shelf?
4,There are 6 houses on a block. If a mailman has to give 24 pieces of junk mail to each block. How many pieces of junk mail should he give in each house?
9,Dave had 19 apps and 18 files on his phone. After deleting some apps and files he had 6 apps and 15 files left.. How many more files than apps does he have left on the phone?
78,Baker made 99 cakes. He bought 167 new cakes and sold 89 cakes.. How many more cakes did baker buy than those he sold?
13,3 birds and 4 storks were sitting on the fence. 6 more storks came to join them.. How many birds and storks are sitting on the fence?
35,David did 44 push-ups in gym class today. David did 9 more push-ups than Zachary.. How many push-ups did Zachary do?
41,Edward spent $ 6 to buy books and $ 16 to buy pens. Now he has $ 19.. How much did Edward have before he spent his money?
19,Bryan took a look at his books as well. Each bookshelf contains 2 books. If he has a total of 38 books. How many bookshelves does he have?
13,There were 7 roses in the vase. Jessica cut some more roses from her flower garden which had a total of 59 roses. There are now 20 roses in the vase.. How many roses did she cut?
26,Luke played a trivia game and gained 3 points in each round of a game. If he scored 78 points in the trivia game. How many rounds did he play?
63,Baker made 13 cakes. He sold 91 of them and bought 154 new cakes.. How many more cakes did baker buy than those he sold?
11,He then went to see the oranges being harvested. He found out that they harvest 71 sacks of unripe oranges and 60 sacks of ripe oranges per day.. How many more sacks of unripe oranges than ripe oranges are harvested per day?
4,"At the zoo, a cage had snakes and alligators. The total number of animals in the cage was 79. If 24 snakes and 51 alligators were hiding. How many animals were not hiding in all?"
32,Danny has 21 bottle caps in his collection. He found some more bottle caps at the park. If he has 53 bottle caps now. How many bottle caps did he find at the park?
332,Frank was reading through his favorite book. The book had 2 chapters each with 405 pages. It took frank 664 days to finish the book.. How many chapters did he read per day?
25,There were 2 roses in the vase. Jessica threw away 4 roses from the vase and cut some more new roses from her flower garden to put in the vase. There are now 23 roses in the vase.. How many roses did she cut?
16,"Rachel had to complete 5 pages of math homework, 10 pages of reading homework and 6 more pages of biology homework.. How many pages of reading and biology homework did she have to complete?"
1,Jerry had 7 action figures and 2 books on a shelf in his room. Later he added 4 more books to the shelf.. How many more action figures than books were on his shelf?
807,In a school there are 34 girls and 841 boys.. How many more boys than girls does the school have?
18,Bobby ate some pieces of candy. Then he ate 25 more. If he ate a total of 43 pieces of candy. How many pieces of candy had he eaten at the start?
3,He then went to see the oranges being harvested. He found out that they harvest 8 sacks per day.. How many days will it take to harvest 24 sacks of oranges?
4,53 campers went rowing in the morning 48 campers went rowing in the afternoon and 49 campers went rowing in the evening.. How many more campers went rowing in the morning than in the evening?
2,"Jack received 3 emails in the afternoon, 5 emails in the morning and 16 emails in the evening.. How many more emails did Jack receive in the morning than in the afternoon?"
2,Dan has $ 3. For a total of $ 4 he bought 2 candy bar each one costing the same amount of money.. How much did each candy bar cost?
1,Rachel had to complete 3 pages of math homework and 4 pages of reading homework.. How many more pages of reading homework than math homework did she have?
43,A book has 2 chapters. The first chapter is 37 pages long. The second chapter is 80 pages long.. How many more pages does the second chapter have than the first chapter?
4,There are 8 different movies and 21 different books in the ' crazy silly school ' series. If you read 7 of the books and watched 4 of the movies. How many more movies do you still have to watch?
17,Haley grew some trees in her backyard. After a typhoon 5 died. If 12 trees were left. How many trees did she grow?
158,The Razorback shop makes $ 192 dollars off each t-shirt and $ 34 off each jersey. During the Arkansas and Texas tech game they sold 157 t-shirts and 19 jerseys.. How much more does a t-shirt cost than a jersey?
1081,Helen the hippo and her friends are preparing for thanksgiving at Helen's house. Helen baked 527 chocolate chip cookies and 86 raisin cookies yesterday. And she baked 86 raisin cookies and 554 chocolate chip cookies this morning.. How many chocolate chip cookies did Helen bake?
16,Marco and his dad went strawberry picking. Together they collected strawberries that weighed 22 pounds. On the way back Marco ' dad found 30 more pounds of strawberries. Marco's strawberries now weighed 36 pounds.. How much did his dad's strawberries weigh now?
13,"3 red peaches, and some more green peaches are in the basket. If there are 10 more green peaches than red peaches in the basket. How many green peaches are in the basket?"
23,"After a typhoon, 13 trees in Haley's backyard died. If she had grown 3 trees initially. How many more trees died in the typhoon than those that survived?"
5,Josh had 9 marbles in his collection. He lost some marbles. If he has 4 marbles now. How many marbles did he lose?
117,They decided to hold the party in their backyard. They have 14 chairs for each set of table. If they have 9 sets of tables. How many more chairs than tables do they have?
1848,He then went to see the oranges being harvested. He found out that they harvest 66 sacks per day.. How many oranges do they harvest per day if each sack contains 28 oranges?
26,At the arcade Dave had won some tickets. He used 12 tickets to buy some toys. If he still has 14 tickets left. How many tickets did Dave win at the arcade?
80,Adam could fit 10 action figures on each shelf in his room. His room has could hold 8 action figures.. How many total shelves did his room have?
12,Marco and his dad went strawberry picking. Together they collected strawberries that weighed 24 pounds. On the way back Marco lost 9 pounds of strawberries. Marco's strawberries now weighed 3 pounds.. How much did his dad's strawberries weigh?
11,Mary is baking a cake. The recipe calls for 12 cups of flour and 13 cups of sugar. She already put in 2 cups of sugar.. How many more cups of sugar does she need to add?
47,Winter is almost here and most animals are migrating to warmer countries. There are 38 bird families living near the mountain. If 47 bird families flew away to africa and 94 bird families flew away to asia. How many more bird families flew away to asia than those that flew away to africa?
27,Jake has 9 fewer peaches than Steven and 18 more peaches than Jill. Steven has 16 peaches.. How many more peaches does Steven have than Jill?
7,Zachary did 51 push-ups and David did 44 push-ups in gym class today.. How many more push-ups did Zachary do than David?
4,16 people can ride the Ferris wheel in paradise park at the same time. If the Ferris wheel has 4 seats. How many people can each seat hold?
1,Mary is baking a cake. The recipe calls for 6 cups of flour 8 cups of sugar and 7 cups of salt. She already put in 5 cups of flour.. How many more cups of sugar than cups of salt does she need to add now?
14,Paige raised 16 goldfish and 71 catfish in the pond but stray cats loved eating them. Now she has 2 left.. How many goldfish disappeared?
2,Rachel picked 7 ripe apples from her tree. Now the tree has 5 apples still on it. If 3 of those are ripe and the rest are unripe. How many unripe apples does the tree have now?
146,Zachary did 44 push-ups in gym class today. David did 58 more push-ups than zachary.. How many push-ups did Zachary and David do altogether?
92,If Lewis earns a total of $ 460 during 5 weeks of harvest. How much money does he earn each week?
314,Because of the decision Sofia asked the students to suggest specific types of food. If 228 students suggested adding mashed potatoes 337 suggested adding bacon to the menu and 23 suggested adding tomatoes. How many more students suggested bacon than those that suggested tomatoes?
7,Edward spent $ 4 to buy books and $ 3 to buy pens. Now he has $ 12.. How much did Edward spend on books and pens?
14,Edward spent $ 17. Then he received $ 10 from his friend. Now he has $ 7.. How much did Edward have before he spent his money?
2,"Julia played tag with 9 kids on monday, 7 kids on tuesday and 96 kids on wednesday.. How many more kids did she play with on monday than on tuesday?"
337,In a school there are 402 more girls than boys. If there are 739 girls. How many boys are there in that school?
3,For Gwen's birthday she received 2 dollars from her mom. Her dad gave her 4 more dollars. If she spent 3 dollars.. How much money did she still have?
22,"6 red peaches, 90 yellow peaches and 16 green peaches are in the basket.. How many red and green peaches are in the basket?"
20,Randy has 37 blocks. He uses 33 blocks to build a tower and 13 blocks to build a house.. How many more blocks did he use to build the tower than he did to build the house?
152,The Razorback shop makes $ 76 dollars off each jersey and $ 204 off each t-shirt. During the Arkansas and Texas tech game they sold 158 t-shirts and 2 jerseys.. How much money did they make from selling the jerseys?
6,Baker made 8 cakes. He bought 139 new cakes and sold 145 cakes.. How many more cakes did baker sell than those he bought?
1,Jack received 6 emails and 8 letters in the morning. He then received 2 emails and 7 letters in the afternoon.. How many more letters did Jack receive in the morning than in the afternoon?
3,Jake has 3 fewer peaches and 10 more apples than Steven. Steven has 12 peaches and 15 apples.. How many more apples than peaches does Steven have?
3,Rachel had to complete 5 pages of math homework and 2 pages of reading homework.. How many more pages of math homework than reading homework did she have?
15,"Frank was reading through his favorite book. The book had 41 chapters, each with the same number of pages. It has a total of 450 pages. It took Frank 30 days to finish the book.. How many pages did he read per day?"
1,Jesse's room is 19 feet wide and 20 feet long.. How much longer is her room than it is wide?
83,Frank was reading through some books. Each book had 249 pages and it took Frank 3 days to finish each book.. How many pages did he read per day?
70,Paul got a box of 601 crayons and 406 erasers for his birthday. At the end of the school year he only had 336 crayons left while not having lost a single eraser.. How many more erasers than crayons did he have left?
6,The ring toss game at the carnival made 120 dollars in the first 20 days and 66 dollars in the remaining 16 days.. How much did they make per day in the first 20 days at the carnival?
2,Mary is baking a cake. The recipe calls for 5 cups of sugar and 14 cups of flour. She already put in 11 cups of flour.. How many more cups of sugar than cups of flour does she need to add now?
52,Emily is making bead necklaces for her 44 friends. She made 26 necklaces and each necklace takes 2 beads.. How many beads did Emily have?
3,Melissa scored a total of 21 points playing some games. Is she scored 7 points in each game.. How many games did she play?
8,Adam has 10 apples. Jackie has 2 apples.. How many more apples does Adam have than Jackie?
64,Debby bought 200 water bottles and 256 soda bottles when they were on sale. If she drank 312 water bottles and 4 soda bottles a day. How many days would the soda bottles last?
6,Jerry had 5 action figures and 2 books on a shelf in his room. Later he added 9 more books to the shelf.. How many more books than action figures were on his shelf?
37,Robin's hair was 19 inches long. If he grew 18 more inches. How long is his hair now?
13,Danny collects bottle caps and wrappers. He found 82 wrappers and 29 bottle caps at the park. Now he has 42 bottle caps and 61 wrappers in his collection.. How many bottle caps did danny have at first?
9,If you had 4 bags with equal number of cookies and 36 cookies in total. How many cookies does each bag have?
3,White t - shirts can be purchased in packages of 13. If mom buys 39 white t - shirts. How many packages will she have?
1346,In a school there are 706 girls and 222 boys. 418 more girls joined the school.. How many pupils are there in the school now?
32,For the walls of the house John would use large planks of wood. Each plank needs 2 pieces of nails to be secured and he would use 16 planks.. How many nails does John need for the house wall?
10,At the arcade Dave had won 13 tickets. If he used 8 to buy some toys and 18 more to buy some clothes. How many more tickets did Dave use to buy clothes than he did to buy toys?
9,Marco and his dad went strawberry picking. Together their strawberries weighed 35 pounds. Marco's strawberries weighed 13 pounds.. How much more did his dad's strawberries weigh than his?
4,An industrial machine can make 3 shirts a minute. It made 4 shirts yesterday and 8 shirts today.. How many minutes did the machine work in all?
8,"19 red peaches, 11 yellow peaches and 12 green peaches are in the basket.. How many more red peaches than yellow peaches are in the basket?"
3,For Gwen's birthday she received 8 dollars from her mom. Her dad gave her 5 more dollars. If she spent 4 dollars.. How much more money did she receive from her mom than she did from her dad?
14,The ring toss game at the carnival made the same amount of money each day. In total in 30 days they earned 420 dollars. Together with game they earned 22 dollars.. How much did ring toss game make per day?
11,Dave had 16 apps and 77 files on his phone. After deleting some apps and files he had 5 apps and 23 files left.. How many apps did he delete?
9,Paco had 39 sweet cookies and 6 salty cookies. He ate 23 salty cookies and 32 sweet cookies.. How many more sweet cookies than salty cookies did he eat?
1,Haley grew 13 trees in her backyard. After a typhoon 6 died.. How many more trees survived the typhoon than those that died?
8,Julia played tag with 18 kids on monday. She played tag with 10 kids on tuesday.. How many more kids did she play with on monday than on tuesday?
101,Kelly has 46 nintendo games and 132 sony games.. How many sony games does she need to give away so that she will have 31 sony games left?
6,5 red peaches and 11 green peaches are in the basket.. How many more green peaches than red peaches are in the basket?
455,Nell collects baseball cards. She gave 301 of her cards to Jeff and now has 154 cards left... How many cards did Nell have initially?
33,"Julia played tag with 15 kids on monday, 18 kids on tuesday and 97 kids on wednesday.. How many kids did she play with on monday and tuesday?"
7,"Rachel had to complete 9 pages of math homework, 2 pages of reading homework and 96 more pages of biology homework.. How many more pages of math homework than reading homework did she have?"
98,36 campers went rowing in the morning 13 campers went rowing in the afternoon and 49 campers went rowing in the evening.. How many campers went rowing in all?
8,Josh had 4 marbles in his collection. He lost 16 marbles and found 8 new ones.. How many more marbles did he lose than those he found?
17,Danny collects bottle caps and wrappers. He found 11 bottle caps and 28 wrappers at the park. Now he has 68 bottle caps and 51 wrappers in his collection.. How many more wrappers than bottle caps did danny find at the park?
3,Dave had 59 files and 15 apps on his phone. After deleting some apps and files he had 12 apps and 30 files left.. How many apps did he delete?
45,Paul had 71 books. After selling some in a garage sale he bought 38 new ones. If he has 116 books now. How many more books did he buy than he sold?
9,Allan brought 7 balloons and 5 balls while Jake brought 6 balloons and 4 balls to the park.. How many balls did Allan and Jake have in the park?
4,You have 104 dollars.. How many packs of dvds can you buy if each pack costs 26 dollars?
8,Kelly has 20 nintendo games and 70 sony games.. How many nintendo games does she need to give away so that she will have 12 nintendo games left?
1,Julia played tag with 11 kids on monday. She played tag with 12 kids on tuesday.. How many more kids did she play with on tuesday than on monday?
1,Tiffany was collecting cans for recycling. On monday she had 8 bags of cans. The next day she found 7 more bags worth of cans.. How many more bags did she have on monday than she found on the next day?
10,There are 3941 skittles in Steven's skittles collection. Steven also has 4950 erasers. If the erasers are organized into 495 groups. How big is each group?
394,Because of the decision Sofia asked the students to suggest specific types of food. 457 students suggested adding mashed potatoes while others suggested adding bacon to the menu. If 63 more students suggested adding mashed potatoes than those that suggested bacon. How many students suggested bacon?
5590,The Razorback t-shirt shop sells each t-shirt for $ 51 dollars. During the Arkansas and Texas tech game they offered a discount of $ 8 per t-shirt and sold 130 t-shirts.. How much money did they make from selling the t-shirts?
2,5 storks and 3 birds were sitting on the fence. 4 more birds came to join them.. How many more birds than storks are sitting on the fence?
15,Matthew had 29 crackers and 30 cakes. If Matthew gave equal numbers of crackers and cakes to his 2 friends. How many cakes did each person eat?
18,There were 10 roses in the vase. Jessica cut 8 more roses from her flower garden and put them in the vase.. How many roses are there in the vase now?
111,Frank was reading through his favorite book. The book had 555 pages equally distributed over 5 chapters. It took Frank 220 days to finish the book.. How many pages are in each chapter?
7,Paco had 22 sweet cookies and 75 salty cookies. He ate 15 sweet cookies and 54 salty cookies.. How many sweet cookies did Paco have left?
6,Mary is baking a cake. The recipe calls for 9 cups of flour and 5 cups of sugar. She already put in 3 cups of flour and 62 cups of sugar.. How many more cups of flour does she need to add?
93,Each pack of dvds costs 107 dollars. If there is a discount of 106 dollars on each pack. How many packs of dvds can you buy with 93 dollars?
2,There are 8 different books and 10 different movies in the ' crazy silly school ' series. If you read 19 of the books and watched 61 of the movies. How many more movies than books are there in the ' crazy silly school ' series?
51,Bobby ate 33 pieces of candy. Then he ate 4 more. He also ate 14 pieces of chocolate.. How many pieces of candy and chocolate did Bobby eat altogether?
4,Bryan took a look at his books as well. He has 7 bookshelves with each having the same number of books. If he has a total of 28 books. How many books are there in each bookshelf?
3,Melissa scored 12 points in each game. If she scored a total of 36 points. How many games did she play?
14,Rachel had to complete 8 pages of math homework. If she had to complete 6 more pages of reading homework than math homework. How many pages of reading homework did she have to complete?
8,Jack received 6 emails and sent 91 letters in the morning. He then received 2 emails and sent 74 letters in the afternoon.. How many emails did Jack receive in the day?
5,At the arcade Dave had won 7 tickets. He used some tickets to buy toys. If he still has 2 tickets left. How many tickets did Dave use to buy toys?
5,Every day Ryan spends 7 hours on learning english and some more hours on learning chinese. If he spends 2 hours more on learning english than on learning chinese. How many hours does he spend on learning chinese?
141,Katie had 91 ds games and her new friends had 88 games and old friends had 53 games.. How many games do her friends have in all?
587,Paul got a box of some crayons for his birthday. During the school year he gave 52 crayons to his friends while he lost 535 crayons. If he only had 492 crayons left. How many crayons had been lost or given away?
35624,"Being his favorite, he saved checking on the grapevines for his last stop. He was told by 294 of the pickers that they fill 244 drums of grapes per day and 47 drums of raspberries per day.. How many drums of grapes would be filled in 146 days?"
2,Jake has 7 fewer peaches than Steven and 8 more peaches than Jill. Steven has 17 peaches.. How many peaches does Jill have?
8,"2 red peaches, 6 yellow peaches and 14 green peaches are in the basket.. How many more green peaches than yellow peaches are in the basket?"
1891,A book has 31 chapters. Each chapter is 61 pages long.. How many pages does the book have altogether?
5,Brenda's mother made cookies for guests. Each guest had 2 cookies. If she prepared a total of 10 cookies. How many guests did she prepare cookies for?
1,Every day Ryan spends a total of 3 hours on learning english and chinese. If he spends 2 hours on learning english everyday. How many hours does he spend on learning chinese?
17017,"Being his favorite, he saved checking on the grapevines for his last stop. He was told by 235 of the pickers that they fill 100 drums of raspberries per day and 221 drums of grapes per day.. How many drums of grapes would be filled in 77 days?"
58,Bobby ate 38 pieces of candy. Then he ate 36 more. He also ate 16 pieces of chocolate.. How many more pieces of candy than chocolate did Bobby eat?
3,He then went to see the oranges being harvested. He found out that they harvested 54 sacks of oranges.. How many days did it take to harvest them if they harvested 18 sacks of oranges per day?
5,A mailman has to give 25 pieces of junk mail to each block. If he gives 5 mails to each house in a block. How many houses are there in a block?
3,A waiter had 8 customers. After some left he still had 5 customers. Then he got 99 new customers. How many customers left?
4,Jake has 3 fewer peaches and 4 more apples than Steven. Steven has 19 apples and 15 peaches.. How many more apples than peaches does Steven have?
1,Every day Ryan spends 6 hours on learning english and 7 hours on learning chinese.. How many more hours does he spend on learning chinese than he does on learning english?
10,4 birds and 46 storks were sitting on the fence. 6 more birds came to join them.. How many birds are sitting on the fence?
21,Paco had 28 cookies. He ate some of them and had 7 cookies left.. How many cookies did Paco eat?
4,Matthew had 8 crackers to give to friends. If Matthew gave 2 crackers to each his friends. How many friends did he give crackers to?
71,41 campers went rowing and 4 campers went hiking in the morning. 26 campers went rowing in the afternoon.. How many campers went rowing and hiking in all?
34,Paco had 13 cookies. He ate 2 of them. Then he bought 36 more cookies. How many more cookies did he buy than those he ate?
58,Zachary did 19 push-ups in gym class today. David did 39 more push-ups than Zachary. John did 13 push-ups less than david.. How many push-ups did David do?
3,Mary is baking a cake. The recipe calls for 12 cups of flour 14 cups of sugar and 7 cups of salt. She already put in 2 cups of flour.. How many more cups of flour than cups of salt does she need to add now?
2,There were 15 roses in the vase. Jessica threw away 33 roses from the vase and cut some more new roses from her flower garden to put in the vase. There are now 17 roses in the vase.. How many more roses did she cut than those she threw away?
60,Last week Fred had 49 dollars and Jason had 3 dollars. Fred washed cars over the weekend and now has 112 dollars. Jason delivered newspapers and now has 63 dollars.. How much money did Jason earn by delivering newspapers?
9,Jake has 7 fewer peaches than Steven and 9 more peaches than Jill. Steven has 16 peaches.. How many peaches does Jake have?
3,46 campers went rowing on a day. 43 campers went rowing in the morning and some more campers went rowing in the afternoon.. How many campers went rowing in the afternoon?
756,The ring toss game at the carnival made 382 dollars in the first 44 days and 374 dollars in the remaining 10 days.. How much did they make in all?
31,A book has 2 chapters. The second chapter is 36 pages long. If there are a total of 67 pages in the book. How many pages are in the first chapter?
3,Carol was sending out birthday invitations to her friends. Each package of invitations she bought had 3 invitations in it and she bought 2 packs. If she wants to invite 9 friends. How many extra invitations will she need to buy?
30,Zachary did 15 push-ups in gym class today. David did 39 more push-ups than Zachary. John did 9 push-ups less than David.. How many more push-ups did Zachary do than John?
17,Ed had 2 more marbles than Doug. Doug lost some of his marbles at the playground. Now Ed has 19 more marbles than doug.. How many marbles did Doug lose?
112,There are 896 skittles in Steven's skittles collection. Steven also has 517 erasers and 90 scales. If the skittles are organized into 8 groups. How big is each group?
3,Rebecca wants to split a collection of eggs into groups of 5. Rebecca has 10 marbles and 15 eggs.. How many groups will be created?
140,Paul had 95 pens and 153 books. After selling some books and pens in a garage sale he had 13 books and 23 pens left.. How many books did he sell in the garage sale?
102,Frank was reading through his favorite book. The book had 612 pages equally distributed over 24 chapters. It took Frank 6 days to finish the book.. How many pages did he read per day?
1,There are 10 peaches distributed equally in some baskets. If each basket has 4 red peaches and 6 green peaches. How many baskets of peaches are there?
89,Lewis earns $ 2 every week during the harvest. If he earns a total of $ 178. How many weeks did the harvest last?
6,Danny collects bottle caps. He threw away 54 of the old ones at the park while he found 48 bottle caps new ones. Now he has 52 bottle caps in his collection.. How many more bottle caps did danny throw away than those he found at the park?
1080,He then went to see the oranges being harvested. He found out that they harvest 31 sacks of ripe oranges and 24 sacks of unripe oranges per day.. How many sacks of unripe oranges will they have after 45 days of harvest?
66,The grasshopper and the frog had a jumping contest. The grasshopper jumped 35 inches. The grasshopper jumped 4 inches farther than the frog.. How much did they jump altogether?
25740,The Razorback shop makes $ 67 dollars off each t-shirt and $ 165 off each jersey. During the Arkansas and Texas tech game they sold 74 t-shirts and 156 jerseys.. How much money did they make from selling the jerseys?
60,After resting they decided to go for a swim. The depth of the water is 5 times Ron's height. Dean is 11 feet shorter than Ron. If Ron stands at 12 feet. How deep was the water?
109044,There are 466 pots. Each pot has 53 flowers and 181 sticks in it.. How many flowers and sticks are there in all?
322,Paul got a box of 110 crayons for his birthday. During the school year he gave 90 crayons to his friends while he lost 412 crayons.. How many more crayons did he lose than those he gave to his friends?
333,In a school there are 569 girls and 236 boys.. How many more girls than boys does the school have?
390,He then went to see the oranges being harvested. He found out that they harvest 65 sacks of unripe oranges and 46 sacks of ripe oranges per day.. How many sacks of unripe oranges will they have after 6 days of harvest?
68,The Ferris wheel in paradise park has 6 seats. Each seat can hold 14 people. If there are 16 people on the wheel right now. How many more people can join the wheel?
9,Debby bought 153 water bottles when they were on sale. She drank the same number of bottles each day. If the bottles lasted for 17 days. How many bottles did she drink each day?
405,Robin has 21 packages of gum and 45 packages of candy. There are 9 pieces in each package.. How many pieces of candies does Robin have?
25,After Olivia visited a supermarket there were 29 dollars left. If there were 54 dollars in her wallet initially. How much did she spend?
16,Haley grew 20 trees in her backyard. After a typhoon 4 trees were left.. How many trees died in the typhoon?
8,Jake has 7 fewer peaches than Steven who has 14 more peaches than Jill. Steven has 15 peaches.. How many peaches does Jake have?
324775,Lewis earns $ 491 every week during the 1181 weeks of harvest. If he has to pay $ 216 rent every week. How much money will have at the end of the harvest season?
92,Paul had 51 books and 106 pens. After selling some books and pens in a garage sale he had 82 books and 14 pens left.. How many pens did he sell in the garage sale?
4,Zachary did 44 push-ups and 17 crunches in gym class today. David did 29 more push-ups but 13 less crunches than zachary.. How many crunches did David do?
23,Paul had 42 pens and 143 books. After selling some books and pens in a garage sale he had 113 books and 19 pens left.. How many pens did he sell in the garage sale?
12,Danny collects bottle caps and wrappers. He found 71 bottle caps and 24 wrappers at the park. Now he has 28 bottle caps and 16 wrappers in his collection.. How many more bottle caps than wrappers does danny have now?
1,Dan has $ 4. He bought 99 candy bar for $ 3 each one costing the same amount of money.. How much money is left?
9,5 children were riding on the bus. At the bus stop 63 children got off the bus while some more got on the bus. Then there were 14 children altogether on the bus.. How many more children got on the bus than those that got off?
12,Debby bought 95 soda bottles and 180 water bottles when they were on sale. If she drank 15 water bottles and 54 soda bottles a day. How many days would the water bottles last?